color,director_name,num_critic_for_reviews,duration,director_facebook_likes,actor_3_facebook_likes,actor_2_name,actor_1_facebook_likes,gross,genres,actor_1_name,movie_title,num_voted_users,cast_total_facebook_likes,actor_3_name,facenumber_in_poster,plot_keywords,movie_imdb_link,num_user_for_reviews,language,country,content_rating,budget,title_year,actor_2_facebook_likes,imdb_score,aspect_ratio,movie_facebook_likes
 Black and White,David Lynch,152,89,0,121,Jack Nance,195,,Fantasy|Horror|Sci-Fi,Hal Landon Jr.,Eraserhead ,69831,837,Charlotte Stewart,1,apartment|baby|deformed baby|factory|surrealism,http://www.imdb.com/title/tt0074486/?ref_=fn_tt_tt_1,535,English,USA,Unrated,20000,1977,158,7.4,1.37,0
 Black and White,Harry F. Millarde,1,110,0,0,Johnnie Walker,2,3000000,Crime|Drama,Stephen Carr,Over the Hill to the Poorhouse ,5,4,Mary Carr,1,family relationships|gang|idler|poorhouse|thief,http://www.imdb.com/title/tt0011549/?ref_=fn_tt_tt_1,1,,USA,,100000,1920,2,4.8,1.33,0
Color,Robert Townsend,21,81,467,287,Keenen Ivory Wayans,467,5228617,Comedy,Robert Townsend,Hollywood Shuffle ,2770,1431,Helen Martin,1,actor|african american|dream|two word title|written and directed by cast member,http://www.imdb.com/title/tt0093200/?ref_=fn_tt_tt_1,32,English,USA,R,100000,1987,322,7.0,1.85,471
Color,Peter Chelsom,57,100,23,545,Elden Henson,1000,2643689,Comedy|Drama,Kieran Culkin,The Mighty ,10499,2283,Gena Rowlands,4,book|friendship|knight|learning disability|tutor,http://www.imdb.com/title/tt0119670/?ref_=fn_tt_tt_1,113,English,USA,PG-13,,1998,577,7.3,1.85,0
Color,Jamaa Fanaka,23,99,9,10,Chuck Mitchell,116,,Crime|Drama|Sport,Leon Isaac Kennedy,Penitentiary ,509,170,Wilbur 'Hi-Fi' White,2,blaxploitation|boxing|convict|drifter|false accusation,http://www.imdb.com/title/tt0079709/?ref_=fn_tt_tt_1,10,English,USA,R,100000,1979,24,5.8,1.85,157
 Black and White,Larry Blamire,88,90,56,56,Brian Howe,126,110536,Comedy|Horror|Sci-Fi,Fay Masterson,The Lost Skeleton of Cadavra ,4117,284,Larry Blamire,1,alien|cave|husband wife relationship|monster|skeleton,http://www.imdb.com/title/tt0307109/?ref_=fn_tt_tt_1,118,English,USA,PG,40000,2001,76,7.0,1.85,0
Color,Stephen Langford,2,82,7,50,Gabriela Castillo,143,,Family,Kevin P. Farley,"Dude, Where's My Dog?! ",73,417,Brandon Middleton,0,,http://www.imdb.com/title/tt3109200/?ref_=fn_tt_tt_1,4,English,USA,PG,20000,2014,134,3.2,1.85,178
Color,E.L. Katz,193,88,3,307,Ethan Embry,3000,59379,Comedy|Crime|Drama|Horror|Thriller,Brighton Sharbino,Cheap Thrills ,12796,4729,Elissa Dowling,3,cocaine|extramarital affair|sex|shooting|violence,http://www.imdb.com/title/tt2389182/?ref_=fn_tt_tt_1,52,English,USA,Not Rated,200000,2013,982,6.8,2.35,0
Color,Lisanne Pajot,50,103,0,0,Edmund McMillen,0,,Documentary,Jonathan Blow,Indie Game: The Movie ,16701,0,Phil Fish,0,movie in title,http://www.imdb.com/title/tt1942884/?ref_=fn_tt_tt_1,23,English,Canada,Not Rated,100000,2012,0,7.7,16.0,0
Color,Dan Reed,61,80,3,140,Adam Rayner,798,,Thriller,Danny Dyer,Closure ,5747,1401,Ralph Brown,1,countryside|night|party|rape|scar,http://www.imdb.com/title/tt0480011/?ref_=fn_tt_tt_1,44,English,UK,R,1800000,2007,279,5.6,1.85,246
 Black and White,John Reinhardt,1,68,2,75,John Ireland,142,,Crime|Drama,Sheldon Leonard,Open Secret ,67,354,Arthur O'Connell,3,anti semitism|gangster,http://www.imdb.com/title/tt0040671/?ref_=fn_tt_tt_1,9,English,USA,Approved,,1948,86,7.1,1.37,10
Color,Patrick Ryan Sims,5,81,0,10,Hugh Mun,416,,Action|Drama|Sci-Fi|Thriller,Claire Gordon-Harper,Echo Dr. ,101,459,Johnathan Hurley,2,android|artificial intelligence|home invasion|security system|tech noir,http://www.imdb.com/title/tt2343473/?ref_=fn_tt_tt_1,1,English,USA,,100000,2013,18,3.6,1.78,17
Color,Laslo Benedek,14,106,6,13,Trevor Howard,440,,Crime|Horror|Thriller,Liv Ullmann,The Night Visitor ,544,564,Andrew Keir,1,escape|independent film|mental illness|prison|revenge,http://www.imdb.com/title/tt0066141/?ref_=fn_tt_tt_1,19,English,USA,GP,,1971,98,6.8,,65
Color,Jason Miller,5,77,0,0,Dottie Alexander,45,,Biography|Documentary|Music,Jon Brion,The Past is a Grotesque Animal ,80,45,David Barnes,0,artist|band|male rear nudity|sexuality|stage,http://www.imdb.com/title/tt3072636/?ref_=fn_tt_tt_1,1,English,USA,Unrated,100000,2014,0,7.6,1.78,82
Color,Dennis Iliadis,241,114,29,616,Monica Potter,956,32721635,Crime|Horror|Thriller,Tony Goldwyn,The Last House on the Left ,67824,3861,Martha MacIsaac,0,kidnapping|lake|microwave oven|psychopath|woods,http://www.imdb.com/title/tt0844708/?ref_=fn_tt_tt_1,279,English,USA,R,15000000,2009,878,6.6,1.85,0
Color,Sut Jhally,16,80,3,0,Seth Ackerman,103,,Documentary,Noam Chomsky,"Peace, Propaganda & the Promised Land ",496,103,Arik Ascherman,3,arab israeli conflict|israel|media|middle east|palestine,http://www.imdb.com/title/tt0428959/?ref_=fn_tt_tt_1,13,English,USA,,70000,2004,0,8.3,,110
 Black and White,Darren Aronofsky,138,84,0,194,Clint Mansell,1000,3216970,Drama|Mystery|Thriller,Mark Margolis,Pi ,142619,2065,Stanley B. Herman,0,mathematician|nature|numbers|pattern|using a metal detector on a beach,http://www.imdb.com/title/tt0138704/?ref_=fn_tt_tt_1,586,English,USA,R,60000,1998,512,7.5,1.66,24000
Color,Julie Davis,5,86,12,117,Meredith Scott Lynn,238,33598,Comedy|Romance,Jack McGee,"I Love You, Don't Touch Me! ",405,623,Tim DeZarn,1,female frontal nudity|female rear nudity|title directed by female|virgin|written and directed by cast member,http://www.imdb.com/title/tt0130019/?ref_=fn_tt_tt_1,15,English,USA,R,,1997,166,5.4,,97
Color,Myles Berkowitz,32,87,0,153,Tom Ardavany,1000,536767,Biography|Comedy|Romance,Tia Carrere,20 Dates ,1622,1362,Robert McKee,0,fake documentary|hidden camera|mockumentary|narrative|reality show,http://www.imdb.com/title/tt0138987/?ref_=fn_tt_tt_1,83,English,USA,R,60000,1998,184,5.3,1.85,30
Color,Brett Piper,18,80,7,3,Steve Diasparra,118,,Action|Sci-Fi|Thriller,Michelle Simone Miller,Queen Crab ,48,138,A.J. DeLucia,0,,http://www.imdb.com/title/tt2319456/?ref_=fn_tt_tt_1,18,English,USA,,75000,2015,15,4.5,,34
Color,Morgan Spurlock,193,100,293,0,Amanda Kearsan,0,11529368,Comedy|Documentary|Drama,Chemeeka Walker,Super Size Me ,85028,0,Amelia Giancarlo,2,experiment|fast food|food industry|meal|overeating,http://www.imdb.com/title/tt0390521/?ref_=fn_tt_tt_1,404,English,USA,PG,65000,2004,0,7.3,1.78,0
Color,Brandon Trost,66,82,32,128,Sean Whalen,968,40557,Comedy,Clifton Collins Jr.,The FP ,1389,2046,James DeBello,0,abbreviation in title|based on short film|competition dancing|dystopia|location in title,http://www.imdb.com/title/tt1296373/?ref_=fn_tt_tt_1,22,English,USA,R,60000,2011,407,5.6,2.35,0
Color,Joe Swanberg,65,82,217,442,Lena Dunham,10000,30084,Comedy|Drama,Anna Kendrick,Happy Christmas ,5507,11642,Mark Webber,3,chicago illinois|drink|drinking|filmmaker|writer,http://www.imdb.com/title/tt2955096/?ref_=fn_tt_tt_1,23,English,USA,R,70000,2014,969,5.6,1.85,812
 Black and White,Joseph Green,95,70,2,6,Jason Evers,24,,Horror|Sci-Fi,Virginia Leith,The Brain That Wouldn't Die ,4752,52,Bruce Kerr,1,brain|fiance|laboratory|surgeon|surgery,http://www.imdb.com/title/tt0052646/?ref_=fn_tt_tt_1,152,English,USA,Approved,62000,1962,16,4.1,1.66,1000
Color,Wade Gasque,13,75,0,46,Vincent Duvall,267,,Drama,Ty Parker,Tiger Orange ,683,488,Loanne Bishop,2,coming out|father son relationship|gay|gay brother|toilet sex,http://www.imdb.com/title/tt2866824/?ref_=fn_tt_tt_1,8,English,USA,Unrated,100000,2014,87,6.8,1.78,182
Color,Daniel Schechter,15,87,8,272,Kevin Corrigan,969,,Comedy,Lena Dunham,Supporting Characters ,760,2398,Alex Karpovsky,0,film editor|kiss|marriage proposal|movie screening|urination,http://www.imdb.com/title/tt1874789/?ref_=fn_tt_tt_1,4,English,USA,Not Rated,,2012,778,6.3,,209
Color,Mike Flanagan,125,87,59,9,Courtney Bell,35,,Drama|Horror|Mystery,Justin Gordon,Absentia ,13065,97,Erin Cipolletti,0,anticipate|dead in absentia|foetus|tunnel|unreliable narration,http://www.imdb.com/title/tt1610996/?ref_=fn_tt_tt_1,136,English,USA,R,70000,2011,28,5.8,1.78,3000
Color,Edward Burns,36,98,0,73,Michael McGlone,138,10246600,Comedy|Drama|Romance,Shari Albert,The Brothers McMullen ,6375,388,Maxine Bahns,0,abusive father|critically acclaimed|loss of father|love|true love,http://www.imdb.com/title/tt0112585/?ref_=fn_tt_tt_1,36,English,USA,R,25000,1995,111,6.6,1.85,265
Color,Matt Johnson,73,83,8,8,Shailene Garnett,111,,Crime|Drama|Thriller,Paul Daniel Ayotte,The Dirties ,3885,147,Matt Johnson,0,best friend|bully|friend|revenge|school,http://www.imdb.com/title/tt2334896/?ref_=fn_tt_tt_1,40,English,Canada,Not Rated,,2013,19,6.7,,1000
Color,Bruno Barreto,1,99,9,3,Sonia Braga,866,,Comedy|Drama|Romance,Marcello Mastroianni,Gabriela ,712,1179,Joffre Soares,0,based on novel|brazil|female underarm hair|sex in a window|star appears nude,http://www.imdb.com/title/tt0085575/?ref_=fn_tt_tt_1,9,Portuguese,Brazil,R,,1983,308,6.4,2.35,114
Color,Lena Dunham,113,98,969,433,Merritt Wever,969,389804,Comedy|Drama|Romance,Lena Dunham,Tiny Furniture ,11816,2530,Jemima Kirke,0,adult returns home|girl with glasses|hipster|shower|title directed by female,http://www.imdb.com/title/tt1570989/?ref_=fn_tt_tt_1,35,English,USA,Not Rated,65000,2010,529,6.3,2.35,0
Color,Terron R. Parsons,13,93,9,133,Jeremy Sande,743,,Crime|Drama|Horror,Richard Tyson,Hayride ,485,1527,Corlandos Scott,0,,http://www.imdb.com/title/tt1861343/?ref_=fn_tt_tt_1,5,English,USA,Not Rated,60000,2012,413,3.4,1.78,284
Color,Daniel Mellitz,,,0,15,Chelse Swain,1000,,Comedy|Drama,Corbin Bernsen,The Naked Ape ,128,1077,Amanda MacDonald,0,coming of age|male nudity|road trip|skinny dipping|teenager,http://www.imdb.com/title/tt0381053/?ref_=fn_tt_tt_1,3,English,USA,,,2006,36,4.7,,2
Color,Jem Cohen,12,111,6,,,,,Documentary,,Counting ,61,0,,0,city|city symphony|diary|essay|surveillance,http://www.imdb.com/title/tt4462082/?ref_=fn_tt_tt_1,1,English,USA,,50000,2015,,6.0,1.78,5
 Black and White,Andrew Leman,60,47,2,5,David Mersault,19,,Fantasy|Horror|Mystery|Thriller,Dan Novy,The Call of Cthulhu ,6261,43,Barry Lynch,0,1920s|cthulhu|dream|sailor|silent film,http://www.imdb.com/title/tt0478988/?ref_=fn_tt_tt_1,99,English,USA,,50000,2005,9,7.3,1.33,0
Color,Dave Carroll,10,92,0,,,0,,Documentary,Chris 'Wonder' Schoeck,Bending Steel ,53,0,,0,,http://www.imdb.com/title/tt2181837/?ref_=fn_tt_tt_1,10,English,USA,,50000,2013,,7.9,16.0,33
Color,William Eubank,161,97,18,236,Olivia Cooke,852,,Sci-Fi|Thriller,Lin Shaye,The Signal ,48236,1922,Beau Knapp,0,computer hacker|girlfriend in a coma|nosebleed|prosthetic leg|road trip,http://www.imdb.com/title/tt2910814/?ref_=fn_tt_tt_1,180,English,USA,PG-13,4000000,2014,680,6.1,2.35,10000
Color,Patrick Meaney,7,81,3,18,Greg Aronowitz,26,,Biography|Documentary,Taliesin Jaffe,The Image Revolution ,66,70,Jeff Dowd,7,comic book|comic book history|comics|spawn|walking dead,http://www.imdb.com/title/tt2294916/?ref_=fn_tt_tt_1,2,English,USA,,50000,2014,20,7.4,,83
Color,Chad Hartigan,34,83,3,69,Paul Eenhoorn,695,,Drama,Jan Haley,This Is Martin Bonner ,733,1438,Demetrius Grosse,0,estranged daughter|friendship|nevada|prisoner|unlikely friendship,http://www.imdb.com/title/tt1798291/?ref_=fn_tt_tt_1,7,English,USA,R,42000,2013,571,6.6,16.0,234
Color,Malcolm Goodwin,,96,117,281,Jon Gries,948,,Comedy,Katrina Bowden,A True Story ,181,2058,Kelen Coleman,5,ellipsis in title|long title|period in title|punctuation in title|title ends with period,http://www.imdb.com/title/tt1524083/?ref_=fn_tt_tt_1,4,English,USA,,45000,2013,482,5.5,2.35,72
Color,David Gordon Green,75,90,234,15,Eddie Rouse,552,241816,Drama,Paul Schneider,George Washington ,6246,642,Damian Jewan Lee,0,cover up|north carolina|redemption|small town|teenager,http://www.imdb.com/title/tt0262432/?ref_=fn_tt_tt_1,76,English,USA,Unrated,42000,2000,61,7.5,2.35,451
Color,Kevin Jordan,21,90,4,113,Christa Miller,20000,277233,Comedy|Romance,Derick Martini,Smiling Fish & Goat on Fire ,2631,20814,Ion Overman,5,accountant|actor|animal in title|mail carrier|single parent,http://www.imdb.com/title/tt0162348/?ref_=fn_tt_tt_1,26,English,USA,R,40000,1999,467,7.6,1.85,0
Color,Kirk Loudon,3,95,0,279,Johnny Walter,883,,Drama|Sci-Fi|Thriller,Barry Corbin,Dawn of the Crescent Moon ,34,2618,Shiree Nelson,0,,http://www.imdb.com/title/tt3157318/?ref_=fn_tt_tt_1,2,English,USA,,75000,2014,507,5.0,,87
Color,Travis Legge,2,83,138,76,Patricia Raven,307,,Horror,Elissa Dowling,Raymond Did It ,192,619,Lindsay Felton,0,blood|independent film|mutilation|violence,http://www.imdb.com/title/tt1716760/?ref_=fn_tt_tt_1,6,English,USA,Unrated,40000,2011,114,3.2,2.35,239
Color,Martin Scorsese,71,117,17000,476,Levon Helm,725,321952,Documentary|Music,Ringo Starr,The Last Waltz ,12611,2783,Bob Dylan,0,band|final concert|guitar|interview|thanksgiving,http://www.imdb.com/title/tt0077838/?ref_=fn_tt_tt_1,113,English,USA,PG,,1978,572,8.2,1.85,0
Color,Collin Joseph Neal,7,75,14,130,Thomas Brophy,252,,Horror|Thriller,Julianne Gabert,"Run, Hide, Die ",106,638,Ronee Collins,0,,http://www.imdb.com/title/tt2442662/?ref_=fn_tt_tt_1,5,English,USA,,50000,2012,132,3.7,2.35,225
Color,Bradley Rust Gray,61,79,2,20,Mark Rendall,962,24705,Drama,Zoe Kazan,The Exploding Girl ,1516,1054,Jordan Scovel,0,friend|hospital|low budget film|ring|stoned,http://www.imdb.com/title/tt1294161/?ref_=fn_tt_tt_1,10,English,USA,Unrated,,2009,72,6.3,,377
Color,Mike Bruce,3,78,6,17,Kirpatrick Thomas,32,243768,Western,Joseph Campanella,The Legend of God's Gun ,143,72,Christian Anderson,0,,http://www.imdb.com/title/tt1073221/?ref_=fn_tt_tt_1,9,English,USA,R,30000,2007,17,4.1,2.35,13
 Black and White,Andrew Bujalski,52,109,26,3,Kate Dollenmayer,26,,Comedy,Andrew Bujalski,Mutual Appreciation ,1578,38,Justin Rice,0,friendship|guitarist|mumblecore|musician|new york,http://www.imdb.com/title/tt0446747/?ref_=fn_tt_tt_1,23,English,USA,R,,2005,6,6.9,1.66,91
Color,Damir Catic,,89,2,0,Ron Gelner,5,,Horror,Nichole Ceballos,Her Cry: La Llorona Investigation ,23,5,Parker Riggs,0,la llorona|weeping,http://www.imdb.com/title/tt2469216/?ref_=fn_tt_tt_1,2,English,USA,Not Rated,60000,2013,0,5.4,,48
Color,Ben Wheatley,53,93,214,59,Tony Way,177,9609,Comedy|Crime|Drama,Michael Smiley,Down Terrace ,2646,365,David Schaal,4,black comedy,http://www.imdb.com/title/tt1489167/?ref_=fn_tt_tt_1,22,English,UK,R,,2009,95,6.5,,535
 Black and White,Kevin Smith,136,102,0,216,Brian O'Halloran,898,3151130,Comedy,Jason Mewes,Clerks ,181749,2103,Jeff Anderson,4,clerk|friend|hockey|video|video store,http://www.imdb.com/title/tt0109445/?ref_=fn_tt_tt_1,615,English,USA,R,230000,1994,657,7.8,1.37,0
Color,James Bidgood,8,65,0,,Bobby Kendall,0,8231,Drama|Fantasy,Don Brooks,Pink Narcissus ,803,0,,1,male frontal nudity|male pubic hair|male rear nudity|pubic hair|street hustler,http://www.imdb.com/title/tt0067580/?ref_=fn_tt_tt_1,16,English,USA,Not Rated,27000,1971,0,6.7,1.37,85
Color,Andrew Bujalski,43,85,26,3,Kate Dollenmayer,26,,Comedy|Drama,Andrew Bujalski,Funny Ha Ha ,1894,40,Justin Rice,1,mumblecore,http://www.imdb.com/title/tt0327753/?ref_=fn_tt_tt_1,61,English,USA,,,2002,6,6.4,1.37,108
Color,Neil LaBute,80,97,119,7,Matt Malloy,136,2856622,Comedy|Drama,Stacy Edwards,In the Company of Men ,11550,254,Jason Dixie,0,business trip|love|misogynist|office|secretary,http://www.imdb.com/title/tt0119361/?ref_=fn_tt_tt_1,197,English,Canada,R,25000,1997,108,7.3,1.85,489
Color,David Ayer,233,109,453,120,Martin Donovan,1000,10499968,Action|Crime|Drama|Thriller,Mireille Enos,Sabotage ,47502,1458,Maurice Compte,3,dea|drug cartel|kicked in the crotch|strip club|tough girl,http://www.imdb.com/title/tt1742334/?ref_=fn_tt_tt_1,212,English,USA,R,35000000,2014,206,5.7,1.85,10000
Color,Eric Eason,28,79,3,42,Panchito Gómez,93,,Drama|Family,Franky G,Manito ,493,243,Casper Martinez,0,ex convict|graduation|manhattan new york city|older brother is bad influence|washington heights manhattan new york city,http://www.imdb.com/title/tt0298050/?ref_=fn_tt_tt_1,21,English,USA,,24000,2002,46,7.0,1.78,61
Color,Uwe Boll,58,80,892,492,Katharine Isabelle,986,,Action|Crime|Thriller,Matt Frewer,Rampage ,15091,3197,Michael Paré,0,death|first part|killing spree|massacre|murder,http://www.imdb.com/title/tt1337057/?ref_=fn_tt_tt_1,129,English,Canada,R,,2009,918,6.3,2.35,0
 Black and White,Richard Linklater,61,100,0,0,Richard Linklater,5,1227508,Comedy|Drama,Tommy Pallotta,Slacker ,15103,5,Jean Caffeine,0,austin texas|moon|pap smear|texas|twenty something,http://www.imdb.com/title/tt0102943/?ref_=fn_tt_tt_1,80,English,USA,R,23000,1991,0,7.1,1.37,2000
Color,Joseph Mazzella,,90,0,9,Mikaal Bates,313,,Crime|Drama|Thriller,Tjasa Ferme,Dutch Kills ,57,366,Damon Owlia,2,,http://www.imdb.com/title/tt2759066/?ref_=fn_tt_tt_1,2,English,USA,,25000,2015,25,4.8,,33
Color,Travis Legge,1,90,138,138,Suzi Lorraine,370,,Comedy|Romance,Kristen Seavey,Dry Spell ,114,841,Travis Legge,1,anti romantic comedy|dating|divorce|sex comedy|sex scene,http://www.imdb.com/title/tt2375036/?ref_=fn_tt_tt_1,3,English,USA,,22000,2013,184,3.3,1.78,200
Color,Alex Kendrick,5,120,589,4,Lisa Arnold,51,,Drama,Shannen Fields,Flywheel ,2986,108,Janet Lee Dapper,1,baby|car salesman|christian film|pregnancy|used car salesman,http://www.imdb.com/title/tt0425027/?ref_=fn_tt_tt_1,49,English,USA,,20000,2003,49,6.9,1.85,725
Color,Marcus Nispel,43,91,158,265,Brittany Curran,630,,Horror|Mystery|Thriller,Ashley Tramonte,Exeter ,3836,2679,Lindsay MacDonald,0,asylum|demon|party|secret|teenager,http://www.imdb.com/title/tt1945044/?ref_=fn_tt_tt_1,33,English,USA,R,,2015,512,4.6,1.85,0
,Brandon Landers,,143,8,8,Alana Kaniewski,720,,Drama|Horror|Thriller,Robbie Barnes,The Ridges ,125,770,Brandon Landers,0,avatar|college|death|tron|university,http://www.imdb.com/title/tt1781935/?ref_=fn_tt_tt_1,8,English,USA,,17350,2011,19,3.0,,33
Color,Jay Duplass,51,85,157,10,Katie Aselton,830,192467,Comedy|Drama|Romance,Mark Duplass,The Puffy Chair ,4067,1064,Bari Hyman,0,birthday|gift|motel|new york city|upholsterer,http://www.imdb.com/title/tt0436689/?ref_=fn_tt_tt_1,71,English,USA,R,15000,2005,224,6.6,,297
 Black and White,Jim Chuchu,6,60,0,4,Olwenya Maina,147,,Drama,Paul Ogola,Stories of Our Lives ,70,170,Mugambi Nthiga,0,,http://www.imdb.com/title/tt3973612/?ref_=fn_tt_tt_1,1,Swahili,Kenya,,15000,2014,19,7.4,,45
Color,Daryl Wein,22,88,38,211,Heather Burns,331,76382,Romance,Zoe Lister-Jones,Breaking Upwards ,1194,1546,Ebon Moss-Bachrach,2,,http://www.imdb.com/title/tt1247644/?ref_=fn_tt_tt_1,8,English,USA,,15000,2009,212,6.2,2.35,324
Color,Jason Trost,42,78,91,86,Jason Trost,407,,Sci-Fi|Thriller,Sean Whalen,All Superheroes Must Die ,1771,674,Nick Principe,0,arch villain|game of death|kidnapping|superhero,http://www.imdb.com/title/tt1836212/?ref_=fn_tt_tt_1,35,English,USA,Unrated,20000,2011,91,4.0,2.35,835
Color,John Waters,73,108,0,105,Mink Stole,462,180483,Comedy|Crime|Horror,Divine,Pink Flamingos ,16792,760,Edith Massey,2,absurd humor|egg|gross out humor|lesbian|sex,http://www.imdb.com/title/tt0069089/?ref_=fn_tt_tt_1,183,English,USA,NC-17,10000,1972,143,6.1,1.37,0
Color,Olivier Assayas,81,110,107,45,Béatrice Dalle,576,136007,Drama|Music|Romance,Maggie Cheung,Clean ,3924,776,Don McKellar,1,jail|junkie|money|motel|singer,http://www.imdb.com/title/tt0388838/?ref_=fn_tt_tt_1,39,French,France,R,4500,2004,133,6.9,2.35,171
Color,Jafar Panahi,64,90,397,0,Nargess Mamizadeh,5,673780,Drama,Fereshteh Sadre Orafaiy,The Circle ,4555,5,Mojgan Faramarzi,0,abortion|bus|hospital|prison|prostitution,http://www.imdb.com/title/tt0255094/?ref_=fn_tt_tt_1,26,Persian,Iran,Not Rated,10000,2000,0,7.5,1.85,697
 Black and White,Ivan Kavanagh,12,83,18,0,Michael Parle,10,,Horror,Patrick O'Donnell,Tin Can Man ,57,15,Emma Eliza Regan,0,,http://www.imdb.com/title/tt1235811/?ref_=fn_tt_tt_1,1,English,Ireland,,10000,2007,5,6.7,1.33,105
Color,Kiyoshi Kurosawa,78,111,62,6,Anna Nakagawa,89,94596,Crime|Horror|Mystery|Thriller,Kôji Yakusho,The Cure ,6318,115,Denden,0,breasts|interrogation|investigation|murder|watching television,http://www.imdb.com/title/tt0123948/?ref_=fn_tt_tt_1,50,Japanese,Japan,,1000000,1997,13,7.4,1.85,817
Color,Tadeo Garcia,,84,5,12,Michael Cortez,21,,Drama,Tatiana Suarez-Pico,On the Downlow ,156,62,Eric Ambriz,2,gang initiation|gunplay|hazing|latino|shakespeare's romeo and juliet,http://www.imdb.com/title/tt0390323/?ref_=fn_tt_tt_1,3,English,USA,,,2004,20,6.1,,22
Color,Thomas L. Phillips,13,82,120,84,Joe Coffey,785,,Comedy|Horror|Thriller,Julianna Pitt,Sanctuary; Quite a Conundrum ,133,1111,John Lucas,,nudity|party|pirate|swimsuit|three word title,http://www.imdb.com/title/tt2049518/?ref_=fn_tt_tt_1,8,English,USA,,200000,2012,98,5.4,16.0,424
Color,Ash Baron-Cohen,10,98,3,152,Stanley B. Herman,789,,Crime|Drama,Peter Greene,Bang ,438,1186,James Noble,1,corruption|homeless|homeless man|motorcycle|urban legend,http://www.imdb.com/title/tt0109266/?ref_=fn_tt_tt_1,14,English,USA,,,1995,194,6.4,,20
Color,Shane Carruth,143,77,291,8,David Sullivan,291,424760,Drama|Sci-Fi|Thriller,Shane Carruth,Primer ,72639,368,Casey Gooden,0,changing the future|independent film|invention|nonlinear timeline|time travel,http://www.imdb.com/title/tt0390384/?ref_=fn_tt_tt_1,371,English,USA,PG-13,7000,2004,45,7.0,1.85,19000
Color,Neill Dela Llana,35,80,0,0,Edgar Tancangco,0,70071,Thriller,Ian Gamazon,Cavite ,589,0,Quynn Ton,0,jihad|mindanao|philippines|security guard|squatter,http://www.imdb.com/title/tt0428303/?ref_=fn_tt_tt_1,35,English,Philippines,Not Rated,7000,2005,0,6.3,,74
Color,Robert Rodriguez,56,81,0,6,Peter Marquardt,121,2040920,Action|Crime|Drama|Romance|Thriller,Carlos Gallardo,El Mariachi ,52055,147,Consuelo Gómez,0,assassin|death|guitar|gun|mariachi,http://www.imdb.com/title/tt0104815/?ref_=fn_tt_tt_1,130,Spanish,USA,R,7000,1992,20,6.9,1.37,0
Color,Anthony Vallone,,84,2,2,John Considine,45,,Crime|Drama,Richard Jewell,The Mongol King ,36,93,Sara Stepnicka,0,jewell|mongol|nostradamus|stepnicka|vallone,http://www.imdb.com/title/tt0430371/?ref_=fn_tt_tt_1,1,English,USA,PG-13,3250,2005,44,7.8,,4
Color,Edward Burns,14,95,0,133,Caitlin FitzGerald,296,4584,Comedy|Drama,Kerry Bishé,Newlyweds ,1338,690,Daniella Pineda,1,written and directed by cast member,http://www.imdb.com/title/tt1880418/?ref_=fn_tt_tt_1,14,English,USA,Not Rated,9000,2011,205,6.4,,413
Color,Scott Smith,1,87,2,318,Daphne Zuniga,637,,Comedy|Drama,Eric Mabius,Signed Sealed Delivered ,629,2283,Crystal Lowe,2,fraud|postal worker|prison|theft|trial,http://www.imdb.com/title/tt3000844/?ref_=fn_tt_tt_1,6,English,Canada,,,2013,470,7.7,,84
Color,,43,43,,319,Valorie Curry,841,,Crime|Drama|Mystery|Thriller,Natalie Zea,The Following             ,73839,1753,Sam Underwood,1,cult|fbi|hideout|prison escape|serial killer,http://www.imdb.com/title/tt2071645/?ref_=fn_tt_tt_1,359,English,USA,TV-14,,,593,7.5,16.0,32000
Color,Benjamin Roberds,13,76,0,0,Maxwell Moody,0,,Drama|Horror|Thriller,Eva Boehnke,A Plague So Pleasant ,38,0,David Chandler,0,,http://www.imdb.com/title/tt2107644/?ref_=fn_tt_tt_1,3,English,USA,,1400,2013,0,6.3,,16
Color,Daniel Hsia,14,100,0,489,Daniel Henney,946,10443,Comedy|Drama|Romance,Alan Ruck,Shanghai Calling ,1255,2386,Eliza Coupe,5,,http://www.imdb.com/title/tt2070597/?ref_=fn_tt_tt_1,9,English,USA,PG-13,,2012,719,6.3,2.35,660
Color,Jon Gunn,43,90,16,16,Brian Herzlinger,86,85222,Documentary,John August,My Date with Drew ,4285,163,Jon Gunn,0,actress name in title|crush|date|four word title|video camera,http://www.imdb.com/title/tt0378407/?ref_=fn_tt_tt_1,84,English,USA,PG,1100,2004,23,6.6,1.85,456
